Recency,Frequency,MV,CoS
0.7560501310974359,101.01781602427401,1240.32803118229,1049.27542853355
-1.44191728189588,99.2576817667484,1048.72361686081,1046.4741897285
-1.85072236221284,98.9415486894548,1080.0814765133,973.5003605559468
5.04009243398905,98.5336349995434,1128.20786400698,1003.27313782647
5.50391411192715,99.4279781721532,1073.3464521728501,961.7934128977361
1.9736953477561496,99.97567226842052,1270.5747911334,944.922645971179
2.75738141961396,102.17193409800501,1229.8216365464,1005.33321303502
7.36551474880427,101.329841221124,1025.60690284707,1005.3682769946801
2.25933609429747,99.7129975491762,1065.58518077247,949.545728381723
4.51597692675888,97.9595279531181,1193.95010412671,987.80952841416
-0.954695756547153,99.5771100462973,1097.76833774522,957.836669325829
1.95315879784524,99.6172021333873,1164.9407127779,999.9998759515581
7.46524140939116,101.49079342067199,1207.8788021672501,1032.97602914646
-2.80384880378842,99.57090296790001,1094.33639907278,987.258533190936
3.18641472127289,99.47158973231907,1287.54306636751,1037.54339774325
4.35756174080074,100.77203221544599,1282.47916757129,973.3684098348019
1.27791879117489,98.7101620329916,1191.36466581374,952.094258841127
3.05497781388462,101.427993374765,1221.64986357093,1035.74300541729
8.74812201458961,99.0838387952745,1061.85837821104,989.639487504959
-4.42078034099191,101.27284116193701,1287.78610404581,979.1952601224181
-0.805507487431169,101.57624515637801,1163.3036227151802,1010.09630955011
-2.58092626195401,98.2965687070787,1031.31950758398,988.621782876551
3.9674096642807104,97.9495436677337,1185.34872977994,952.724761553109
0.4886633565649389,99.54515078991648,1208.37435900234,1052.25148692727
8.538999559395009,98.8494899725914,1058.1522742286302,1033.6941600218402
3.86295593064278,99.96316753357651,1236.76400647499,1006.91867770627
1.71990166898817,99.10873399540779,1152.53674519248,1047.55413939804
0.563133628480137,99.5992410810292,1195.7330846227699,1014.06943687797
0.531884684637189,101.501008215547,1247.9580073338,1034.51394829527
-3.1518201069161296,98.77053501963621,1239.16769621894,989.1293768957261
-3.94116011220962,99.973047055006,1179.06070051715,946.4896850287912
7.596978699155152,98.3787648776174,1086.09956311993,1052.5592098310601
7.24889607474208,97.88276985138651,1101.61724164151,1014.50089117885
3.74873087439686,99.91821419537071,1270.16736534424,944.376672949642
-1.31489110838622,98.84415225133301,1237.46102272533,992.7333682142199
8.77298368696123,101.43847862497,1203.60022655688,1025.34007231891
0.30001001033932,102.018211641908,1283.52478895336,972.907312128693
7.9729159208014595,99.8323448359966,1285.19908161834,1011.07311670855
0.400451563894749,98.5176500824094,1140.1549446489698,996.1084865070881
6.22566352311522,101.97345564007799,1243.6970489099601,1044.53667808324
6.99685802329332,101.044278260022,1125.2260769717402,1022.71415844932
5.18258334364742,100.739859802276,1154.1402302403,1050.4377155192199
-0.9998403786495328,99.52878832221027,1032.81586172991,1033.52457670122
-1.9591799127683005,99.7763471622765,1058.64417389035,954.844155959785
1.1441006700321998,99.804424316287,1021.61300713196,977.3795083723959
2.63184987284243,99.0459126456082,1200.64409410581,1035.28445066512
5.54667434722185,100.666223554164,1114.24358913675,1014.33035396039
9.221921070367099,97.9721158403158,1192.43654696271,945.4655045606199
3.06849490214139,99.38011459022758,1123.9186060708,1009.7565972209
-4.94262821350247,99.8244710534811,1267.02038194053,1054.59420133382
8.995755776576699,98.42066690787672,1012.64563349076,1013.65560520068
8.93589243162423,98.8419494608045,1028.43648411334,944.136186543852
0.43113290749490296,102.03485562160601,1112.52716016024,1034.31197015569
8.406460829600691,100.04098861545299,1026.0079186409696,1005.81798631325
5.44945451058447,100.543601357192,1287.1410606242698,1017.80264805257
3.02731692884117,99.36622582420708,1138.1216855347195,1017.72148130834
-1.45322686750442,101.442009356022,1246.45845620893,965.7176740840081
-3.95075895767659,98.86728386491541,1080.83293880336,1048.22412312776
-1.6206306217983402,98.1694098857045,1106.11937845126,1054.10810691491
2.9049871724844,101.37224877029699,1025.19602198154,1032.16062421352
-4.34528014209121,98.9570443931222,1021.18303931318,982.065458152443
0.134037591218949,101.03597022712201,1191.95767942816,1045.62255568802
-4.32271842483431,97.90433761179449,1098.9271743875,1013.58591482788
5.49065525460988,101.90068079039499,1200.18279747106,1055.25180361047
-2.62778417687863,102.18932102590799,1233.96887264214,1042.93767831102
-4.85859515570104,98.48939965903759,1097.42187249474,1003.5051869302999
7.03239333834499,100.488520168066,1170.9832702670199,964.251202639192
-4.854531803354621,101.98417131006701,1151.93021989428,1055.25220746547
-2.15022782601416,101.24511171177,1106.3690949138302,986.495659317821
8.57230809278786,98.701963199228,1225.17118563876,1052.70484301448
4.37109409768134,100.49771296963101,1126.5310959145402,993.837111741304
8.57628752872348,99.9765063370764,1224.31856376119,960.311431773007
2.5010035296529503,101.212407481521,1112.87977052853,963.1295466683804
-4.6657613863795975,101.25933416992399,1088.42909376137,1006.7343280576199
8.09857467446476,100.820533843935,1204.78206014261,1003.77203828469
7.19320714578032,99.6413774040341,1168.30167856999,1016.51910404116
-1.0049985665828,99.3815358823538,1073.14338295721,1026.00009809062
-4.38656747724861,99.32149444848301,1181.25626803376,1049.7199691236
8.959022054225212,99.6047289976478,1101.40522709116,1008.64993064106
-0.721274903565645,98.1496770867705,1122.3698456306,987.533145539463
3.0647688934952004,100.874553112686,1135.7957694307001,999.720757935196
5.752057162523268,100.889449959397,1237.14688223787,1000.05143673718
4.1343724963814,98.8069709973037,1142.44887623005,997.502716202289
-1.3724000410363102,99.79579595103857,1217.36432232894,1008.24188457057
4.4859953668341,99.55076790571206,1028.69114634581,1030.5277450569001
-4.1722106605023095,100.344335646182,1216.29047321156,1040.83330935985
4.93508254818618,99.19838056385521,1053.5572780855,965.027102980763
2.136305042319,101.01734673365999,1196.53662607074,992.1287446878847
7.83275493059307,101.955493442416,1116.43317490816,997.7059301063421
-2.78249798603356,98.7927555695176,1245.66159706563,1031.56367896497
2.97647738803178,99.6726167789102,1228.1761142797802,1048.12825785577
7.08677122678608,99.3633257296681,1082.40323971957,1007.24073066935
0.35906885407865,100.992175908685,1279.51956837438,1022.6417016685001
0.465185840539634,101.888234781027,1064.64137761854,1040.38625919446
4.5356044138595495,100.313843714148,1287.66734826379,986.0090045556433
-0.30203731566667497,99.07111287400127,1155.88085844181,980.1173773296181
-2.1440957615897096,99.195344388932,1074.34123168699,987.6785337813201
-4.7177233846113085,99.4701685006917,1228.0531436018598,1003.66690153256
2.39661952182651,101.978073944002,1043.87956374325,1021.75098441541
-0.811533922404051,98.62864007264379,1020.1329088211099,957.133307751268
12.326800548508801,9.480523357391359,11060.7783833146,10035.9020340331
17.878503642193998,8.87254027172923,10969.1163126472,10027.6527204551
22.2678885539994,11.9906160232425,10928.9365455136,10003.0945459083
9.362057393379509,11.9219695484638,10979.5945782494,10009.1297269873
15.2309123780951,10.666674389541098,10913.2897125371,10032.3375554681
9.37657098986208,11.5759779074788,11127.949166996399,10029.4708810188
19.0833060783148,8.48460980266333,10960.022820048,9997.57017591968
11.479366680569902,9.73762212395668,11034.0431722812,10038.8190839365
15.0640944250301,11.504182983636902,10925.9006254934,10046.6268890575
10.9849949203804,12.1172300255299,11089.6100083832,9948.63843656704
13.9143134512007,11.277184137255,11007.857502885201,10009.9156159274
13.957110190167999,11.290082890838402,11012.932044565701,9995.505633063609
20.6758246115223,10.4663276186585,10909.0296353213,10041.087112993
16.3124907890707,11.1116172647476,10959.7851456329,9951.61777732894
15.4163251453638,9.907146511524921,11137.6076267101,9945.54272517189
17.6486221436784,10.0839031939209,10923.1532740407,10048.0148730427
21.6543627654389,9.36311689853668,11077.8108342551,9954.20320154727
10.9030173197016,10.6412008905411,11098.642422054,10027.9856143445
10.504167368561,9.305525252670053,11033.856081506201,10052.688554883
20.7060766877979,8.43873622894287,11023.7980712019,9958.768022079019
18.0826435732096,11.9224686211348,11086.363093555,9990.59416892752
16.4010596790537,10.5117531993985,10987.6572596561,10052.9012481272
9.5365313815698,11.7131475053728,11050.8715270273,10030.020078335
8.2346501198411,10.3087115477026,10950.2204173338,10005.5527039617
12.4621823035181,9.31168138593435,10979.1998764873,10044.2568296231
14.9728606381267,9.29049641549587,11006.412600223,9957.76616761833
13.657358987629399,10.800301562398698,10984.770666565699,10030.4909354225
20.23039866581561,11.7310793796182,10888.5389700346,10026.1039616056
13.880806391798,8.53008055612445,10993.9365491364,9962.061946325
9.58308703944087,9.900355839580302,10871.6430803388,10018.0838159062
8.51541125286371,9.005064814835789,11077.3929930385,10003.701250799
14.183524243198304,9.91036687374115,11079.1430733819,9944.27011729404
17.9541442758217,10.995308462232401,11083.6466247402,9978.11100847274
12.1640067253262,11.725309552550302,11018.3933296241,10004.791949655899
10.485073961243,7.827546393275258,11081.166630862299,9993.73070036992
13.4514891595021,8.45072332426906,11045.0239534397,9954.10364191607
16.316266973316697,8.12751837804914,10947.932922411701,9946.749711997807
10.840008153468402,11.0495450527966,11013.030414171499,9957.60055332631
13.392138255871801,8.60210753113032,11009.350175540902,10003.456894118299
17.825837239697602,8.11604380592704,10874.397768564499,10044.2367607392
17.9872570731863,8.28768853157759,10886.6644133907,9984.62857615575
10.133685906902,10.5681165440381,10960.0988772977,9960.75147540495
10.935951937921299,9.04118476495147,10906.0720735881,10007.4866628461
20.782903887406,8.28146126538515,11065.410088291399,9963.73047703505
13.4379453884438,8.74194304555655,10946.2282475922,9960.039806861429
20.1282586236298,11.7276644441485,11121.344546331102,10032.9268507063
13.578978127576402,9.52823466509581,11049.581875931499,9999.08440147713
8.05276689633727,12.2051425141096,10927.5856688712,10026.3503025398
17.810490147210697,11.4935796503723,10948.4608259797,10000.4967774749
16.1603525736928,11.7405506536365,11133.327988591001,9951.91646420211
19.53448852572589,11.4328751297295,10948.358742091801,9946.464808113871
18.6763734621555,10.2026371635497,10968.415132938,10012.6711267792
13.80819413241,9.25564123481512,11088.3021130133,9987.55906065926
9.60779198806733,10.343839965611698,11056.1985851917,9967.929566096507
12.5471413165703,9.775722785294061,11005.627011768502,9966.96512474492
21.6687263436243,12.2019770304859,10970.2211983874,10022.9042803794
17.816424116157005,8.73469387575984,10927.8692486417,9947.96950848773
16.8260977676511,9.870031542181973,10977.5432146993,10018.0037922226
18.6031210087612,11.3187467321754,10967.4501693156,9996.30292721093
16.0733808990568,10.2970667906106,11100.9356148075,9984.22815798223
17.3193562336266,11.2053189462423,11005.727937771,9949.0006521754
12.5401445476711,8.21840536832809,10943.5990072973,10002.7073886096
11.4011888111755,8.389964257776741,11103.7162663694,9973.279708758
16.3878807447106,10.778078548759199,10916.6740207281,9962.75908344239
17.4360360228643,8.18025177165866,11085.2990158927,9950.77579106018
19.651569570601,10.4181008546054,10864.932697881,10005.2873250209
13.823502816036301,11.761470333039801,10929.2110897228,10023.546477153901
10.800951874777699,8.7407075189054,10891.3546422683,9967.49549705163
18.276244072206303,11.564164073169199,10936.361812334499,9944.05608345568
16.1481575367227,10.763435546308804,10911.626971215,10030.7810106948
10.3966865963489,10.3607061111927,11046.3462376595,9990.41469164193
14.1388290081546,11.120466690212501,10893.9729055017,10050.5023393072
10.996791000142698,8.4134530390799,11009.6770787798,10036.123679392
20.7706756520271,10.370858233571099,10979.240502743101,9948.64103417844
17.619421720989,10.5661852498353,11017.496919585401,10032.9758545086
17.4843545626849,12.0189770121872,10972.068824563199,10016.895944979
20.2272355791926,9.410744433254,11004.5357829612,9988.69189546257
12.2080217065662,10.0399206660688,11067.7706328034,9955.30446546152
17.1033866786584,7.79136158645153,10860.5497567728,9962.11564986035
18.8005630582571,11.7545138768852,10981.712186261999,9959.38931008056
16.6273685602844,11.585489652007801,11024.2419203464,10044.631798882
8.612344985865061,11.0569117423892,11082.772557893799,9995.535628352309
16.303497576415502,7.8716138279438,10921.4447324537,10047.236184675201
14.923074483200901,8.04604024797678,10979.5717139076,9955.57368223742
18.8137389042974,8.68073559805751,11070.1755495369,10022.7680417076
11.103645084165,7.81224547877908,10868.9669249859,10033.5130176395
21.3074001678079,8.24567988693714,11059.6720450185,10024.3159752712
14.131503346860399,11.4927078148723,11019.3280075118,9982.74987064302
21.6387606082857,9.075298748761421,11101.1413189117,9944.45151413605
17.4228644245118,8.79947827011347,11086.555669764099,10037.608048181999
10.9781958062574,10.466256020516198,10979.676785245501,10011.5902514271
16.3259648241475,12.088242489993599,11013.6537291016,10029.3387084864
12.553049111217305,9.71262550294399,11070.5428644828,9986.22629212961
12.687290336638696,10.2799048042297,11045.240230867601,9989.98024025559
10.8550856076181,9.72103545114398,10880.0551092904,10009.168526142801
14.381847913339698,11.9896110373735,10882.805576557299,10029.1043217853
18.305574471429,10.403913164436801,10939.5619576145,10027.0876284316
19.1606851552799,8.00658153235912,10885.0490147248,9980.19215702638
21.634811373986306,11.7533897064626,10872.9963234719,9999.02190145478
11.3893033875898,11.6968596680462,10897.8524585813,9970.647739175707
12.5056195280328,10.952435150146501,10865.5723769311,10047.0073285215
13.581259495243401,8.82659571737051,11051.274522068,9964.99153200537
14.6853987725824,11.802026466131199,11133.9030530583,9956.44557836652
16.0844683065265,9.10215300261974,11001.9666279946,10040.4148667678
19.9640291599557,9.02178278967738,11044.984201546797,10047.5805944689
16.3447809113562,11.4499324429035,10963.4799366817,10016.3344068117
17.537816045545,11.8226783823967,11084.9232693296,9993.39624863863
12.5210587136447,11.550767422467501,11106.935458965601,9995.006231456999
8.96952847283334,11.5552246391773,11054.284444004299,9948.40762755647
9.815964968092741,9.73858038291335,11067.880991064,9956.37272205949
21.2960164358094,9.692670169919733,10875.154038677,9990.39360139892
20.5200936252251,9.39134815424681,11115.9259742126,9985.249191004781
8.71191328193992,12.0007914543152,11036.5055117477,9990.494162648922
19.8071437009424,11.792978785336,10911.0815713275,10018.5369932353
9.368701397404081,9.91769676551223,11039.474860495,10028.4372235574
12.0837527298927,11.599036303013596,11033.457011776001,10049.1936518475
11.468598995506802,11.0602081869543,10992.5702253077,10004.1822940446
17.7116250994056,8.72619303032756,10868.4852920473,10016.3233397454
8.86393550120294,7.91390841662884,10995.4251808953,9967.86318849772
14.822961086407304,11.943825763613,10863.4099458903,9964.672428354621
12.6807836858183,8.156224914789199,10989.932814100799,10046.2715958059
16.4913838539645,8.18129022061825,10913.1121171918,9957.441657885909
22.070929123871004,11.520031611770401,10959.0771677066,9970.68994461745
15.014420988075399,8.94488066136837,10876.240713913001,9984.26996843517
8.4584832906723,9.40087315529585,11137.4110144284,10004.0178321488
10.485361329354301,10.9851175570488,11103.4507257119,10035.2769856453
17.435788189098197,11.6871320734918,11009.8773273081,9945.229486949742
20.070635498352303,9.99414403527975,10905.3384590708,10029.7498118281
13.2707401601598,10.323558499664099,11059.9361354671,9945.63196218386
9.607709054760633,9.39923045769334,11078.7109655514,9959.65128839388
11.4426408433914,10.1911039035022,10974.448094992,10054.7352407351
12.751303770840199,9.5134331163764,11119.5537495054,10028.9005748145
9.09428214695305,12.204282039851,11019.477388747,10029.5765427016
21.1653859856725,11.8057936449349,11110.4319515266,10055.77165493
14.5568586356938,11.3810703872144,11013.0610502511,10048.4979612231
17.461153675206,9.39979098245501,11031.675846632601,9947.12417270243
9.21614032521844,11.246596924960599,11091.828526295703,10036.199211698
16.1981212233007,10.2523027299345,10936.4172805939,10038.2888564356
14.7541291436926,9.71924248933792,11065.1331332605,9963.85795259848
13.283841890320199,8.02463739559054,11048.989134887199,10050.1827688515
20.8505677973479,9.58649912342429,11086.092653348998,9980.56280625984
8.20801558870822,10.3693519178033,11119.505560258402,10011.9895809889
9.375480273142461,8.44154786288738,11116.1678597424,10007.2463207245
13.658132975325,10.501137327253801,11076.495448648899,10019.357393641
20.0795730435848,11.593472303003097,10952.818780141,10015.0145328529
21.1972462982312,7.78616146013141,10916.6577743459,10041.5338415243
11.6696097197011,10.1465123423934,10888.2206252124,9977.87581768632
11.0812392804399,9.48567388832569,10918.7835268676,9977.975863628091
9.834816226698461,10.825696043819196,11070.720247430701,9976.90140366927
10.8376182477176,9.53053592249751,10995.8707385417,9998.11415136233
16.027023431584198,9.8517748221755,11110.599649855902,9995.88410738856
14.1377649538964,9.927102260738607,11105.228950996001,10007.3851888999
17.8158824596927,10.0808603996038,10908.936699843,10024.7822825164
15.247116266153801,9.37296893060207,10920.1674690563,10044.6967432611
10.0598359906301,10.554173645228099,10996.6397359408,9979.04135139287
20.865849523581602,9.73152514696121,11032.595134573101,10017.6593174972
13.293837475925699,11.988578406721402,10929.075071793,9948.593472357841
10.0151734793931,11.3403001877666,11134.432165101201,10035.7148846239
18.3549673881009,9.84753152683377,10950.3586051986,9978.33610770851
13.3162432186306,10.1397262944281,10883.510765610301,10032.2540715709
18.4365082396939,10.0825212197006,10934.204176273199,10013.3292628266
16.395122048892098,10.0141112646461,10901.1974571459,10017.143070858001
19.89718698605889,8.44838159009814,10898.3166409004,10047.7205174603
18.2420045866817,8.13494283974171,10893.0642219819,10019.3367029503
14.7583523928374,9.82717409953475,11014.7907848377,9955.94002205878
11.635499437786601,11.2052269902825,11094.6295232233,10054.8921138234
17.217217659317,7.895013704299929,10933.5384824499,10026.4406356998
11.725904522165699,8.85167118802667,11103.062734222,10000.4301299527
20.3204693049565,8.29916181027889,11104.1210879758,9988.16603737697
13.4711427531019,9.18693735092878,11046.0724462941,10050.253016099301
19.85668025251481,8.883174458295109,10996.489321794399,9948.18853675574
17.006797754168502,8.20563797727227,11043.474735152,10012.4680466764
9.32248303916305,8.32492607653141,10875.0746776629,9965.32112482935
21.967052028253693,11.9599911807477,11036.6120707151,9960.753586679699
9.9778100720793,11.840289105474902,11012.7611062303,10049.783117785999
8.83071268092841,11.3767392446101,10935.9230540786,9958.34508839622
22.275723090320806,11.4398971289396,11026.0677854996,9975.59701315686
15.4519965220243,8.87568300157785,11067.849572738602,10021.9577210397
16.8796552658826,7.79026111587882,10956.9847167935,9979.02323481813
19.073530992791106,7.7962564289569904,10887.2464211285,9974.90200053528
18.8111815793067,9.134478292912249,10864.6062551625,9955.70629059523
8.12355587728322,7.862955632656809,11139.504803419099,10054.9710827433
18.2416219388321,8.64498684614897,10914.688336225201,9981.59705097601
21.428141000792397,8.33731317684054,11099.921491351,10007.6796646193
19.588052627705,10.035777473151699,10895.9869068582,10049.9907916449
11.0835932384804,7.96923750132322,11110.9026982822,10030.9823325537
11.3267968824878,8.65065113738179,10873.2217114326,10008.507977969899
18.1624428321421,8.48529714003205,11055.880674487,9944.394685789941
12.3166472153738,9.436241022944447,11006.558835003501,9944.72570124641
21.36005239665511,8.82899648055434,10952.0966339111,10052.004682786801
14.5294498558342,10.9841061614454,10874.498535106,10039.561704196
20.025469115749,11.2550049059093,10888.3795761317,9981.24794979393
8.72720212720334,8.06865614548326,11082.7558210678,9990.38791112974
17.6926759778708,11.5193112181127,11009.502212265501,9980.89937056974
19.9939742365479,8.11013024225831,11108.5237246752,9985.142752487209
8.17215755786747,11.6956562745571,10942.422447921701,10044.0970977098
10.923177411928801,11.398503102213096,10932.0043701306,9967.44495147094
9.54909385878593,8.6133806706965,10956.1170405149,9996.913362160329
9.024140923134981,11.1718822173774,10862.667655088,9994.60564532131
8.6649213834852,7.954362532198429,11051.072496455201,9963.93852856755
36.4951646048576,4.79824874207377,10433.9763601497,9985.66363150254
24.787414699271306,6.60595675304532,10557.7881004475,9963.81914770603
33.5176283159479,2.97415894031525,10612.0644799992,10012.096458174301
30.0475242662802,3.71155324369669,10487.0568339061,9971.20390505716
30.84123249467461,3.03275303632021,10489.6030952595,10054.7795860842
24.2863739777729,3.3025452436506804,10428.90855534,9967.762523878371
23.9906023569405,3.24935951367021,10460.235398449,9979.00885855034
31.678835609667,6.9423957429826295,10596.8540486321,9998.559719074521
33.2718744320795,4.8631935852766,10425.7419798709,9945.74327478558
26.039277349412398,7.1792625889182125,10608.6035146564,9993.17320195213
28.993354889415198,5.41350822612643,10404.5464848727,10050.091930996601
28.8837193394452,5.80903667867184,10612.994803153,10047.1590862349
31.4421672146395,5.66943325191736,10390.1925397385,9969.42622287944
35.2701917335764,3.30332580015063,10623.09339297,9984.83216974139
23.8315640185773,5.42288681820035,10535.371771706301,10018.6716088727
25.426886398606,6.5284127187728895,10397.5051397644,9975.55569102243
28.11161927156149,4.74516274735332,10456.8199817277,9999.933042760942
24.1992926056683,5.48965440526605,10396.2588604447,10047.8019628637
37.046077801212704,6.783922578394411,10480.2021698374,9950.160183679307
23.5206216368452,3.2373555068671696,10586.8550446536,10000.315582782
24.093818311654,6.17404019922018,10386.9291153457,9949.76067705452
34.0241299977154,4.1318592180311695,10624.148644795601,10047.0718220808
36.9836662300676,4.88908577293158,10361.4675203152,10002.3247913495
25.3980208415166,2.96913382217288,10512.344631189499,10012.9317829348
30.3807241725177,6.82132427409291,10375.0392288063,10041.0732778758
26.8381977551058,3.11707577735186,10578.1678446662,9960.4197691679
36.7770102068037,6.85711858987808,10417.4848775007,9978.99107547477
33.024199237339204,6.06993955746293,10619.2797152977,9977.08613876253
27.4514092046022,4.90985139548779,10392.663703411801,10010.2879006863
31.2666785511374,3.5867294254899003,10380.8096785937,10015.0110487528
35.1920300718397,5.93030185505748,10403.2049169485,10049.8490937464
24.886739816069607,4.422755760401491,10632.3606045637,9987.777679804709
34.3678742887825,6.93607756704092,10471.663811747,10038.1295501515
24.7337863294035,4.20675475001335,10455.9145262185,9953.92452733591
27.214860744886106,4.6648883497715,10445.3910888731,9985.06420645863
33.8775939977169,4.244908540695911,10469.0064233821,9960.68039942905
30.879394460506703,3.66276279225945,10470.3110310249,10002.4292908572
37.1922287362814,3.6630410686135297,10481.3143390231,9977.53966774046
26.3611890847608,6.41024182319641,10574.3476863299,10025.5486914963
31.8268214916065,3.0942982752621204,10537.5996869989,9974.14945663512
32.8285891413316,6.14690033823252,10401.8517909665,10008.1249308288
33.6699160479009,6.65504964068532,10506.6443667561,10047.0653500222
33.3915823480859,6.246092805862429,10590.859463037901,9985.83629154786
37.17584892343729,6.22320477575064,10471.7924350128,9987.25096250698
36.4775518709794,5.83193887069821,10510.179153503901,10029.2703200094
35.0845927901194,4.5361222705245,10403.5914921947,10004.636101108
26.205961657948798,5.16952667504549,10479.094924517,9951.886831332
35.1134560691193,5.34610811561346,10586.6337886639,9951.65798600018
26.3563076372445,4.65426397651434,10455.7671563048,9968.99762474373
31.2936893162131,5.2317499335110185,10526.8015751895,9983.230535510931
31.6681817714497,6.39501578629017,10524.7622195259,9964.85520036891
27.9111442340165,6.20255368873477,10633.2540018577,9995.40093868226
24.4839786055684,6.28304882839322,10361.4270778373,9948.40263763815
36.067836361676505,4.98258156791329,10417.6670765504,9997.7045859918
25.135924292579304,6.07351343765855,10491.4916443825,10026.8061802238
23.76935210231689,2.94805068150163,10624.247946525,9992.57406078279
33.548763189204,3.27300533294678,10461.5586770512,10031.9656932876
30.301568345055,7.15266576439142,10445.6566962227,9967.159884918481
36.45666731916371,7.07466325834393,10426.098301718,9955.27902687341
30.809465444795798,5.33605695620179,10543.6231655534,10005.3701132089
29.7147128048167,4.69203906714916,10393.438748791801,9954.12769876048
27.8183756351471,5.14680356442928,10437.0312152896,9960.53765628487
28.1712689269707,4.0330637909472005,10431.8143565767,9951.0896853283
33.439824273586304,6.20088445305824,10525.5207175296,9949.77199891955
28.831377886757306,3.73873720407486,10383.2799510844,9969.69827036932
24.1902826395631,4.19033383116126,10401.5855142847,10022.1538901031
29.0067346888781,3.26528905674815,10498.9420833625,9966.084837418051
24.3767026003823,4.69617496371269,10449.169374276,10010.9061722271
36.8597897390649,6.05728290304542,10550.2702741139,10000.1147242077
26.6620083960146,4.19952487930655,10399.115684386301,9973.83547172323
27.1860460380092,3.0317326118052,10587.0892152283,10034.8042342179
31.8070618753135,5.8917515704035806,10623.6029541492,10032.3824329972
36.653004254549714,3.54013878554106,10477.2518551722,10032.2876476012
33.3801230357215,6.12248876795173,10372.6737092528,10030.2333821207
25.3261009247229,3.43912217006087,10551.129332846,10019.9545504525
24.6672685425729,4.86865875959396,10414.1211547796,9991.65224781632
26.4478884700686,2.84685636147857,10445.7571010105,10018.6882647686
28.177522238642002,6.5698249837756215,10397.6062986348,9987.226669587193
29.8517888855189,3.57201727509499,10521.807417394599,10033.7575503923
24.002918783537996,7.10266947031021,10405.174745116401,9994.45022300258
27.657773639187198,6.70344829306006,10522.866885159201,10032.858870673901
27.2280917125568,5.297057073265309,10361.1161433905,9991.5211732313
28.329931716173892,3.66481157705188,10394.269948126701,9995.45457895473
25.2356167784333,6.094678666740661,10471.504987496899,10035.1868495755
25.5359804243222,6.83085836142302,10599.053442888,10046.6667653248
23.0116782126203,4.49337050035596,10387.1986255795,10039.6840067282
30.4634428031743,5.86467552617192,10402.3448367789,10031.5686932653
30.2627593882382,6.64627668455243,10626.0968854185,9946.41075757146
37.0201105909795,4.697885387539861,10409.5110568404,9987.47003030777
30.4820355325192,4.69620060160756,10635.3681060951,9966.65925349295
24.305463039092693,4.81167965278029,10386.6388607677,9978.873971268531
30.6532484423369,3.85710675448179,10487.1172910277,9985.164400570091
32.8673681541532,4.0869219641387495,10578.2689192425,10000.0449287966
27.103843764141196,5.98728980720043,10546.7269128468,10018.281878579399
25.519777288846694,4.9162724985182304,10571.0460952017,9992.278884999449
29.114494883008298,5.55322344511747,10491.189732328101,10031.0298159607
25.07261373035611,4.11529329627752,10564.4950243086,10024.6363495253
30.835440567322106,4.0624953056871895,10592.1404098812,9962.90616763011
28.2267768630758,4.819062708318231,10371.5665218886,10034.414381519
33.2375721295923,5.7643273922801,10631.1537448503,10036.0759323463
30.4489800772443,6.27995239362121,10517.2998591699,10008.248337749399
31.137377935759698,3.4869315274059804,10477.852771692,10048.1303360388
29.5472008616105,3.47938435554504,10599.149289215,10053.310609784001
29.0434449964017,6.81890630319715,10391.383265201,9978.621331349019
32.4794449509308,4.22317258864641,10573.162448518,9985.14453532174
26.383755873479,3.9767641817033295,10609.2562573217,10052.944010209301
25.5928635840863,6.17512312307954,10581.0722873546,9980.77348536626
31.288856603540502,3.68906755506992,10380.7386898715,10003.247788447901
34.9202285530418,4.53174848258495,10551.0311429761,10049.421731505501
29.353407701328397,5.861499052643781,10585.2078709938,10034.181803599
28.619379289299197,4.5648333248496105,10523.2624528743,9983.0019377023
36.7724771985039,6.41498457193375,10594.9350908212,10014.7736878619
33.009893336854894,6.059649757742879,10482.2082214803,9978.58704255521
36.9500883464888,7.02965823963284,10536.5896603093,10021.1489932612
32.604767567738904,4.30472809657454,10575.3191947658,10030.2188727297
31.2703679374605,4.996731061488389,10489.3952159397,9987.12264645472
34.6661711616814,6.54356819435954,10598.6920092907,10041.2970589958
31.0887991242111,4.003822708427911,10626.377570834,9952.74644739553
27.61601987876,2.8624027860164603,10552.6938949898,10045.8460001536
22.7530190194026,4.2425937107205405,10435.8162420988,9976.98175255954
32.8096643024683,3.56674064397812,10619.7021064349,10010.2482376769
25.813100661784397,2.8004735012352504,10506.890578987099,10053.5535217971
24.232867587395,2.81528541296721,10437.3350096494,10001.2613820806
31.6159586573765,6.08932166934013,10532.7478619479,9984.6033645682
31.2831268456578,3.67493562906981,10631.4384720754,10011.075356569101
28.109883726686203,4.93953706115484,10536.7048818711,10006.8223724365
35.824275722056605,3.26587362349033,10434.226970076601,10044.016482234
35.0546131387725,3.34861256554723,10534.2800946999,9987.098278198393
36.07312618386,3.3152904608845697,10381.2283916306,9998.621918871999
33.4343381119519,6.01146591231227,10444.8221208248,10051.434189193
36.8916612793505,6.600475807338951,10530.2671555802,10039.5122995116
37.1207324119285,5.24229809507728,10389.9073535576,10021.286103140601
26.675722566135203,3.228948260247709,10411.3208666909,9993.95650665835
32.1358407894894,3.34320613443851,10386.6467932705,10054.8439844362
26.8893465804681,5.6103577947616605,10378.3187493123,10012.277189739
25.687655733265,4.38214819192886,10475.8193355799,9959.4117830582
22.7588868118823,6.96585740312934,10361.7922519892,9983.802488062529
29.106779037863003,3.48510424718261,10426.0127491038,9951.24051608145
36.06889410372821,7.07561472579837,10383.671194966899,9950.5784073025
36.4204972544685,5.11116298630834,10633.5229383316,10029.0530806519
36.1099560673535,3.71586626589298,10480.4686831683,10046.802425269001
27.057055893689398,6.52224462032318,10497.6945662312,10039.3562210426
27.6791838872805,5.22543979868293,10519.2531402223,10012.3717470132
33.68638795387,3.15182466179132,10435.581742106,9969.02019621432
33.651380009762896,5.61619803190231,10602.573400670699,10027.733427774201
30.4827100775391,3.983323713094,10466.090635033299,10003.7056016736
24.031375647298997,5.90198299616575,10454.2955122981,9976.9519908689
36.3479451339319,7.17360489621758,10400.2071328275,9948.714023582641
23.839917684719,5.8546191367507,10507.415732601701,10000.0199632719
33.3104264597222,2.97966636255384,10497.4970143288,9963.87252634764
23.622367230542,6.45343179494142,10518.2351646014,10021.6188949384
29.5787529405206,3.55781079486012,10582.821075124699,10055.518615901501
35.174715276137,5.0661705878377,10369.8770973086,10033.544530455
34.1574573905766,4.95180393174291,10434.3885864597,9998.63107412681
32.869848356321505,7.05986938461661,10492.651092466,9962.0511373952
35.873546391427496,6.06005230784416,10374.2795052473,9945.03671715781
25.14100291688,4.568029874563219,10614.244322544,10005.1230994612
36.542541425861394,3.9384412804245903,10596.7798678856,10051.866409272
28.964902520813,4.68859438195825,10528.6659989506,9954.06572609395
25.6979204181954,3.08250496461988,10373.4097514767,10014.4512242898
24.3939449514821,3.18198828712106,10532.1323586535,10020.5291678421
36.2811363177747,5.50044283747673,10479.5330002066,9964.69702616706
32.4769911196828,5.02449365347624,10625.9348631464,10020.207298409201
35.9003697022796,3.783670850992201,10535.5586807895,9992.55797732994
26.169924427568887,5.66717919394374,10404.3624463491,10000.944377318001
37.1866561258957,6.28141826599836,10564.8034701589,10042.1663500555
28.0607140492275,3.0639728137850804,10531.1289840192,10053.1139630936
27.635024437196602,4.32635504350066,10501.5382895339,9992.51830229908
35.4809696886316,4.672451766580339,10529.5498412289,9954.33133250475
31.7586805795506,6.19519849911332,10394.302681582,9994.38027621433
23.5115967817977,3.44307278096676,10431.8688209355,9951.16123496741
33.2468157490343,4.1604951725900206,10639.7729369812,10049.1559955701
25.386420304551702,4.781708548963072,10418.6588128097,10015.394168701
29.6850834300742,7.078244797885421,10420.9494684637,10030.146140784
28.572783720791307,4.80443073749542,10423.0803745892,9964.501260880379
35.0370431902632,2.8901396337151497,10595.5360748153,10051.783093728101
25.2277476266772,3.75650446653366,10599.4017016515,9962.42821954563
23.7042379000038,3.4986388829350497,10450.2387636993,10053.3307268061
36.824649086072995,3.56608053311706,10625.9490831476,9985.30643653125
32.383396028578304,4.0810045838356,10474.7372119594,9980.52017576247
26.131674616299602,5.84329400166869,10417.2541880142,9957.05596653372
37.019898548983,6.18085523337126,10431.0945796408,10017.7176134586
25.954329313225998,6.68533632040024,10621.6033987515,9959.13895463943
29.570875829011197,4.11395008608699,10556.3501834311,10047.1185247675
24.1738781304657,3.90795422688127,10566.459840014599,9956.94674953446
23.9312489311397,6.88542787328362,10472.6367717609,9988.62774025276
30.0015257979184,5.74860274061561,10413.700516475401,9976.854908633979
36.5966171386093,6.498631491214041,10557.2906322312,9950.05899110436
30.0196690724045,4.99976098105311,10565.4133431613,10000.997560538399
24.2056291625276,4.8706496168673,10461.6578861419,10011.3285267912
23.7428982453793,5.33629389941692,10551.6687353421,10024.1498991288
28.0134059946612,7.016643617451191,10470.8890174236,9955.41241240501
26.54402787867929,4.51417964652181,10606.9914322719,9998.649740170693
35.3828871238977,3.7861070163548,10495.1179643162,9944.69524032623
28.6717439432442,2.8240946725010896,10577.73407612,9983.36064052582
30.3504129845649,6.1380285866558495,10423.7707441952,9967.23581844568
25.198874218314906,3.8088369935751,10529.9122426752,9975.17522782832
22.9760629983246,4.85878297030926,10518.3055540081,9980.27720092982
25.6300384184718,5.29811878710985,10585.2818766329,9990.14073200151
32.68622423172,6.06901904031634,10415.4561989475,10009.4016733766
26.1899313759059,4.02592441275716,10526.2273285631,9988.442669052629
32.716665613167,3.01632045790553,10613.8095062878,9979.427711281927
28.186735392026602,6.14123141884804,10566.126202642901,10050.3008342311
30.3394114495441,2.86551094919443,10599.3747289386,9950.820463519542
24.084320186898108,6.74755217924714,10524.8539141286,9963.9007977359
27.873371594362002,4.03158905759454,10406.5060592908,9972.891324222091
35.9186161145568,7.12914621949196,10625.014858152701,9989.6103018038
32.940177722536,5.273976400643591,10632.3657255061,10011.5739527866
36.273966939523795,3.58812362670898,10567.675227765,9971.13428968191
35.7011181784794,3.62256888374686,10511.4769075159,10033.6920058504
29.175420193970197,7.21682771667838,10520.3537174501,10027.8329021074
34.7602569505572,6.33895547866821,10380.371119370699,9947.918854087591
36.1662117388844,5.7948871767520895,10546.0646982212,9965.811354726551
25.010867971554397,4.58737194880843,10626.3629440963,10038.0589611121
33.4410527774319,5.95471406579018,10429.9795014318,9978.05352825299
32.569854615218894,3.04413022220135,10612.1870943997,9957.38807928562
28.01103990376,3.74414690837264,10605.5927561037,9957.28150287271
33.7828763271496,4.28456125378609,10428.691900120999,10028.501283977199
26.7839954863489,3.51680447936058,10616.723091388101,10045.6994777955
33.204557751119104,4.599434759318831,10373.0609813426,10027.7744187564
26.766317498087894,5.725976262092591,10517.2895644139,9984.93312678859
33.2194376894832,5.4256279888749095,10483.079361375401,9974.88318467885
36.3053185296059,4.70346819326282,10386.116911368399,10053.785916578001
33.6229730571806,3.4266985212266405,10379.170798016701,10007.419450286801
28.8969716404751,3.376609788239,10496.4773819037,9980.48807381466
32.1374002638087,6.18020383432508,10609.0666938573,9946.3162564151
29.3574838306382,5.44325329840183,10459.6851889789,9970.338132727891
30.24264113217589,5.07412252008915,10447.6150312647,10048.934345830201
32.2305122439936,6.40749054402113,10473.6703904718,10050.2974651828
30.5632984165102,6.30588976755738,10561.5071327705,10010.658119387901
25.190495137237,6.836280460655693,10485.8363943826,9945.93516048789
31.523051789999,5.77078019559383,10551.2020765524,10002.8833469823
23.3958104206249,6.88777769759297,10639.8014313541,9999.16213079914
25.489081320725397,7.066558239310981,10436.4778707735,9967.343152266
32.757387256659605,6.549099006652829,10596.025798153101,9967.577647212891
25.9650951236114,6.828577035218482,10496.521182321,9952.560313895341
25.137036186717506,3.00544205054641,10459.5838859677,10044.0693249926
34.8377474810183,5.801238396465781,10442.9371735919,10042.4185068719
33.2330181167647,3.85693590819836,10444.5202467777,9950.37808202952
23.869106839001198,5.3840362200141,10517.9647065978,10018.6809724569
26.6014685194939,4.84459382817149,10604.0734421089,10002.3981731087
24.0906658832356,5.76195308685303,10463.169533619699,9952.7961579375
24.9805406200141,4.0753744764626,10415.2864331659,9944.10547280684
32.8897353083268,5.3115124420821695,10437.9481089022,9946.99687923491
33.262465885058,6.22832486018538,10477.5893951673,10009.6668426581
32.3485738267377,4.56997196882963,10393.511689901401,10045.367549225699
31.9078634415939,6.551663285344841,10408.2626917493,9980.87133614346
30.4519678052142,5.4348412515223,10632.8027854953,9947.97806639597
30.7251592705026,6.19626339644194,10587.675063656601,10019.9762299582
32.9679142354056,4.2401857002079515,10389.9509784114,10013.737433701801
24.2644411013648,4.73757440820336,10476.7521829903,10027.645283259499
31.0983555741608,6.474046316742902,10363.5298776161,9962.58730365336
30.6960916007683,4.03723323091865,10488.9851382468,9965.96682101116
32.0503535274789,7.045738915801048,10475.5112776905,10013.516336169101
28.3179350119829,4.9729867419600495,10361.9194593374,10015.7980126664
25.5969963300228,6.80164136260748,10569.505506129899,10002.3402262665
30.724783721342696,5.141654555350541,10536.3561880775,9958.71973033622
23.72743732299661,5.8233573064208,10475.7319627237,10015.8204875998
32.8223896800354,3.61307872265577,10561.6186776012,9957.0357815288
29.1696569156274,4.22017491698265,10637.0443985425,10033.0626001731
31.431888183169107,6.95563680768013,10371.885250434301,9970.909543346608
30.9193698805198,4.03834672957659,10476.657109260601,10052.5182672739
26.3226090115309,6.05959245607257,10585.9522935282,9984.1403609179
27.313083968088,6.78722575604916,10514.151415322,10012.379720144001
32.0747574903071,6.65906062722206,10564.1396536212,10051.393010404001
26.0485198433697,3.67723671227694,10597.4709012173,10039.2871305719
33.5147929386049,5.03848908498883,10366.3225329574,10053.391973800999
32.109335685707606,3.55416301548481,10585.3065507859,9958.141180556271
36.932932922132295,4.1840208372473695,10449.5345527306,9978.3931851685
23.7287081070989,3.22211228832603,10520.0273162592,9956.13964447752
34.9661139474809,5.76733585774899,10413.428264828399,10043.9481008761
35.4957109889761,6.04320477604866,10583.8652978651,9949.51405725256
32.6529707996175,6.84189586058259,10577.3357976973,10037.0352509953
32.4658511839434,6.770922765880821,10577.3152395431,10029.6291052103
28.595137155577504,3.36842817366123,10584.3586496264,9956.5860696286
34.139297942332895,5.3900875413417815,10543.2249364816,9995.601667184379
37.0331661355868,6.2730747756362,10375.530517613499,10018.46449228
23.32904764425011,4.721339579224591,10448.6997744534,10039.81568278
30.804788537174506,3.8990853458642993,10444.9216693081,10023.6586898826
33.010271791257,5.56979931265116,10407.6119855698,9990.18728466704
35.043899690546105,4.7683543933928,10547.924000388,10013.7817944363
25.2721044298261,4.05280362963676,10488.3848569635,9944.44878076762
29.092025635168,6.76051721230149,10422.2170048021,10043.600429628
29.6657378701121,3.02582851931453,10524.7764141019,9998.2020085603
27.2434880483896,3.15163733065128,10531.246860809599,10032.8500688672
26.0735545013845,3.41296067133546,10368.1293547712,9978.16006690636
34.5145314546674,3.7197935962677,10381.6319271829,10026.4390205666
32.0186793605983,3.6888733375072498,10563.1643520202,10030.1019112431
35.5220759258419,4.054157456308601,10531.8473595753,9962.41604175419
32.2275660504773,4.19787144422531,10588.1228486728,10007.7807563804
29.545569559671,4.80965670615435,10523.3500368893,10046.9526154138
29.4303979979083,5.20540396168828,10383.6767603271,10041.3006203882
23.2469203134254,4.85835445478559,10391.3347975165,9988.92912552506
23.6810953783989,3.2719761382043395,10559.572185240699,9949.05130216852
28.828168553561,7.16076394602656,10411.2320655957,9988.90953943133
36.020825394392,5.76644154593349,10409.0064758528,9962.18802160397
33.748790670298,5.21151834249496,10393.1676811725,9994.25574190542
33.6426369021833,3.6632398934662302,10608.5358437803,10053.0541781336
33.0606058402732,4.24109717696905,10412.3025715072,9958.222688101228
30.67736666426061,5.83464723646641,10538.5038787499,10030.1929168776
23.7051536174119,5.905014567971232,10546.5410768334,9956.07584331557
23.766814907230398,5.26689462035894,10415.2188554499,9957.52758483589
32.0731486200914,6.455316584408281,10579.8240724672,10015.9804590307
31.900443436205396,4.39424774497747,10437.8117449302,10014.031829338499
36.909254446066896,5.21074725195765,10501.7604288179,9946.347286675129
31.7732837469876,3.0512577874958504,10408.9935912564,10009.1617856994
33.3647043359652,3.98132442250848,10578.2266511116,10045.3650097921
36.925025870017706,6.7041249763965585,10365.2408738993,10018.8349381648
32.107631220482304,6.74873209819198,10620.2989456803,9998.54371614754
30.330262808129202,5.31832530871034,10387.1504961792,9969.34457540512
29.684620245657893,4.03237637847662,10616.5602849796,9995.70493335277
35.2191367743164,5.661627597212791,10425.0125657767,10051.3635568395
25.7443775961548,4.1614750932157,10361.999991145,9984.04607221112
28.5812345413491,5.11370304152369,10505.3595792223,9945.698065269742
25.3365687155724,3.4199948412179904,10460.1889242232,10008.0555827953
27.3282689806074,4.33878140851855,10404.7197202686,9969.9210771732
23.0632473658398,6.26974182009697,10603.4805397131,10035.3516657017
26.774129592515504,3.18809578463435,10561.659169299499,10034.486033745101
26.292185814119897,3.0023760163784,10456.054133977701,9952.89858739823
35.4161946741864,5.85694659009576,10621.3588733785,10011.413562506401
34.853160078749106,4.0752158164978,10468.7520803325,10036.00788128
23.463193054311,6.68726705655456,10491.5007774066,9996.878936827181
30.6738015016168,3.4823523390293105,10473.1920702942,10055.2085968629
24.5516461462155,7.17422627955675,10482.081945538499,9975.97749974206
22.8803939711303,4.6627714329957985,10628.6142912321,9965.11827626452
24.4511495083198,5.9610633797943615,10479.1548389103,10011.2165690176
30.86772403500969,3.72804258659482,10387.8216215875,9997.48678621277
26.0478651299328,6.49140856742859,10478.2859032415,10004.0341245048
28.5413809991255,3.64885855838656,10361.3090016879,9999.70852530375
30.109092642590397,5.940862513780591,10478.483698051401,9944.93962686509
35.9488663805649,6.6016902397573,10599.8709577788,10047.068867214
28.9660652109236,6.505178321003911,10469.4836780522,10043.9757803679
36.0784043613449,6.244715161472559,10450.2177442424,9955.36427117884
35.700327430553706,4.90570088326931,10496.3212208357,9967.324794452641
28.162248394191298,5.08899676114321,10515.626442628001,9989.10105747357
24.9150383695588,3.10289167746902,10398.1824101601,9984.14083372056
26.7372356648743,6.1514793471992,10480.1256386377,10040.4011417478
27.34070820029829,6.51348647490144,10564.1252652276,9983.171443834899
33.8596313025057,4.62706765457988,10599.801447689499,9947.7588026002
26.3100852177665,5.71995954498649,10438.1910839956,9969.784651216121
36.4208335303143,4.90764766514301,10423.4856383968,10028.3707271256
23.65713141229,6.50870598435402,10370.769155873,10055.6302343607
36.046695260368296,5.672076571136709,10605.8856061939,10010.777696453
27.125280589945607,3.90764001742005,10636.035608947299,10013.7963024452
33.4051369265094,4.091775559037919,10540.2201521117,9955.20166304708
25.651899674050497,4.035128273069859,10595.3992268536,9966.25675267726
33.6108963418752,3.6159053310751896,10433.499149093399,10040.5672112927
27.654013032056397,4.85167010098696,10503.235858297,10031.3696720786
23.0618253396451,6.04621889710426,10436.748236985899,10028.4290515371
32.848990639857895,4.6187998501956535,10582.933645565101,9984.84832819179
31.1248466771841,6.787287765145298,10603.8952528592,10041.643124680999
30.284782388173,5.89346809208393,10551.5032685548,9976.57933299989
30.2201216205955,7.1564901238679886,10607.2890122142,9993.35649683699
26.663699250333,6.180303308814759,10405.7783629559,9981.83500506729
28.1698518501967,3.39101721808314,10377.2161395103,10032.3464675024
34.50642867669461,3.4741321930289306,10521.9223684724,9989.921584613621
29.926437400989197,3.08238560795784,10364.71174784,9995.483718760308
29.6636168907955,4.19885609000921,10615.381065355601,9950.09476089105
36.69808044921611,3.8986903455853503,10360.9864228684,10003.301475998
29.6688937360048,6.86063397407532,10593.8663861156,10043.5025239326
36.6789717427641,6.605139256864788,10404.8662912473,9953.976924907422
35.062605802305,7.237129385024309,10492.5123043079,10046.6914751902
32.9717080070451,5.3400211438536624,10595.4638214223,10002.1517221294
35.4006505133957,4.9928654460609,10396.2772488594,10042.288404908
35.659301624819605,5.09644131675363,10534.1777969804,9956.13715187833
35.3199761392549,4.24781706854701,10563.5124458466,10041.5665027462
28.1531466875225,3.32674824982882,10596.5767405834,10035.2307497375
35.4139996366203,7.16744649112225,10621.7913716473,9992.82926496118
33.2579537117854,4.01092067629099,10455.1513188332,9981.67161350325
23.712343759499504,6.244805275350809,10453.6201683432,10027.1437066197
33.6577446867898,5.485387377738952,10413.396268505601,9944.72606692463
34.5141714012623,3.87231592789292,10397.7030286472,10001.3448178135
30.9901845611632,7.05279303252697,10460.4538371414,9963.08314253762
32.71242789544161,7.13427910983562,10559.125816077,9950.78670534119
27.9037624883279,4.7416761970520005,10547.399821728499,10045.4372195974
25.9124996402115,7.07537307828665,10520.223388485601,9968.65735694766
27.305783986151198,3.40328416377306,10583.4974947572,10031.4266164154
32.498598205559,6.6141118170321,10639.4527700916,9955.81410240754
30.9915524386615,4.37251109927893,10364.5925769769,9944.24602219462
31.3716513366252,4.08062187105417,10412.7244229801,10040.7236405499
24.1535417032614,6.301010272949929,10368.103065863299,9999.31912206858
32.3572137287259,5.23372314915061,10627.1635969263,10029.1709113903
31.872395808175202,5.2722533023357405,10471.5077753924,9996.89541889355
28.04698818355801,6.72402517527342,10383.532675402199,10005.6561544687
32.6543196862564,4.24572787895799,10551.5187093522,10042.6808817126
31.0048356396705,6.3277681440115,10397.5351007096,10033.9097945988
27.580231187269106,4.68147136762738,10520.0761173386,9979.057258043442
25.7541585565731,4.94794189199805,10556.952918237099,9981.00137969479
34.2627686554194,6.742934725433591,10432.5028755609,9998.236400619151
27.684728624969697,5.5935369835794,10394.695272343199,9955.58779700473
32.657027266845105,6.083182848095889,10597.6974331774,10029.0688691735
34.028279120810296,4.63773203313351,10398.2655936107,10000.7424585558
23.7859698975459,6.10171157449484,10447.9536846187,9995.338334716858
32.0646322502196,7.12266510173678,10488.42200513,10031.0243345685
27.70549733322111,4.8855128993094015,10427.0193526614,10018.708178311601
28.0479700638726,6.89559747770429,10520.4479893763,10034.211348250501
35.128748809509,5.09538665935397,10550.0157007389,9944.48546624929
25.473234736770397,3.70790077984333,10486.2132183183,10015.7708686925
32.5808726663887,4.82646887853742,10536.8699786253,9976.77272491157
25.4133875520155,5.17529171645641,10556.4186571538,10039.782538794001
23.8248154393956,4.19410736232996,10385.3104548343,9996.08532058448
26.1436115714908,5.77872145608067,10578.979690214599,10000.095348868499
35.1300283161178,3.23659448415041,10473.80806325,9958.793723419309
32.2635201136395,5.56211217805743,10608.7278401013,9993.712807536129
25.247509500719598,5.52164398610592,10458.2770871371,9952.85146565363
30.696982326991897,4.3136668202281,10534.1997880023,9970.83947712556
30.309341088198103,2.84215646460652,10522.162487153,10042.4701146744
25.6323414686695,5.93032066389918,10599.6550503839,9970.15470732749
27.1490443079174,2.77799446642399,10602.182068452199,10046.4608476497
28.781310387775306,6.10789515018463,10631.8776857015,9962.61291085556
32.8413284755871,5.74256190121174,10588.6314118188,10053.013524171
27.321249057911306,6.52673996895552,10415.3486293647,9953.28763627261
31.000883812010304,5.98809633746743,10375.0408543833,10000.9331206195
35.952218724899,6.38131446823478,10444.809288447701,10015.9802240767
27.824876326322602,3.34189944773912,10567.2388594039,9948.315598398449
31.7129147204012,4.53721957325935,10406.0370829049,9946.26681696996
26.424286154061605,4.27069748103619,10600.6440951675,10043.827088452901
35.1493258972093,7.00303713113069,10517.226008297901,10049.356069851701
30.680035442747197,2.91968657374382,10475.3816966806,10044.537127781701
24.5086519524828,4.2594796758890086,10554.934554453901,10017.219770945601
23.320460880734,6.583323466330769,10416.507557733,9944.55834086239
27.794325569458298,5.22989027708769,10611.8644517567,10002.4405305535
28.6575716669485,5.4562255923450005,10475.160602629201,10037.229236941801
31.866128217764203,4.72740525022149,10465.09930701,10038.0529194027
28.269753225334,6.15694988712668,10560.2141834516,9970.696776434781
30.6896824908257,3.00337205156684,10563.7432596553,10026.1066507734
28.82136229328811,3.5081979562342203,10431.8203604873,10038.470013734
29.843978421688103,4.05337051406503,10405.968251144499,9978.37189126387
27.706563177406807,3.0847405266761805,10392.948790369599,9958.20868017152
28.2097936649993,3.95321828857064,10403.6176992208,9963.48578346521
24.9613584044948,6.394797635227442,10396.3203739468,9991.14767163992
36.0590101784095,5.2736112304031915,10461.6644161567,10011.7499180697
27.156419043056694,4.07532544538379,10398.1920166779,9955.83160069585
25.3087160845473,4.989044998139139,10387.3452234827,9949.85377474502
33.1814556927234,3.12904464900494,10609.7915094625,10012.9895088002
28.959332459718,5.36546718686819,10435.927349031,9960.060903858392
33.8854598577693,6.7101237086951695,10575.5268661864,9956.5800950937
29.8354872633517,5.39118291124701,10474.4349294156,9996.47492839396
27.257050305195197,6.68244994238019,10410.6368073355,10032.0622898377
29.377176304310602,3.41262670487165,10435.9746361431,10048.7613325194
26.8481120820716,5.16640555992723,10553.1885758322,10003.7260084115
35.6482745460421,4.18029138356447,10442.064788518499,10016.6783959568
27.717868088185806,3.3994260929524907,10456.3310747314,9982.34442961589
26.1759486251324,4.34746413186193,10584.7434048261,10010.3296276927
25.732337557412706,6.36807977259159,10530.7800379302,10031.3090235777
35.6963117621466,3.74611417114735,10475.566651225101,9969.1731903702
32.0047818246111,5.81856276452541,10461.3130473159,10039.4515868872
28.0788133111596,3.2013976286351697,10409.6132322587,10017.1256650649
24.0405411099643,3.95614707097411,10538.0951094721,10001.9296281151
36.875839954391104,3.59501476928592,10506.6229428444,9948.59150182083
36.8485385057703,4.6479558955133,10638.3405062463,10011.394767146601
34.475249180682,3.49647148102522,10534.6833324526,10028.1561327092
25.4934148334712,2.98283837378025,10526.0322383977,10050.6299545914
30.562574421353602,3.28507901236415,10557.3473209608,10012.1450165547
34.7896147953346,4.561375555247071,10463.5569490679,10054.8596156351
34.2427311867848,6.896191827505831,10473.5219512694,9970.216840889301
30.3187597069517,3.91184652850032,10485.281805861701,10003.1135553084
29.577814933769396,4.0442199259996405,10393.4512974508,9971.69185125828
26.353229517936697,3.61663349881768,10575.3896944784,10009.019327838001
29.8756546734273,6.24489754840732,10384.7556664329,10038.3513469659
30.8938997345045,5.14442406132817,10501.5717770066,10041.6330937073
32.4235908197984,7.21482126429677,10442.1855566651,9987.08817632124
32.1477678627893,6.018169990777968,10607.8185515292,10033.1380867139
27.2821714153513,3.49291601225734,10433.8307835534,10020.1912401207
32.6329746620357,6.4207028186321295,10364.7171991784,10039.6435038559
24.373563135378102,4.61535365462303,10368.1799013168,9955.543197952209
32.129272328540694,6.6486218254268215,10601.599474307099,10044.2980004586
32.181562914066,6.700350997745991,10368.3924108092,9996.09299703687
27.2922718371451,7.1873355551064,10459.6646201983,10025.224513802701
24.6810290609673,4.84354692190885,10370.1652335841,9944.372181780642
22.763980121724305,5.45262135952711,10455.8727557026,10042.5939865485
30.5345272102952,7.16581449449062,10386.597226765,10019.303449519
24.19213449921461,6.741303395330911,10608.933220589499,10023.6471143663
26.8938380271941,4.63282506063581,10403.565177666,10020.5097121075
23.8476099489257,5.99469590544701,10360.0122408196,10006.110705588
31.087082875296502,6.9362620474398105,10485.1042296179,9990.12810664997
23.4383166523278,6.287644415050743,10558.0034617241,10016.0255429856
33.80647944998,3.99662206798792,10409.85419075,9964.37460812554
33.2125554081425,6.521348709464071,10613.5286006518,9994.80576810613
34.3661648097262,3.51311402544379,10427.9404279869,10008.695491232
23.8738518214971,4.61603071242571,10565.8429460973,9979.785672657192
33.208090152666,6.82766933128238,10398.857688857199,10034.8142173663
36.6257239019871,5.20131213009357,10404.25818366,10035.2208765298
27.6891714555025,4.23760997891426,10488.372790534,10027.4891894311
27.453337617553807,4.9853200046718085,10608.2404587418,9960.26967501268
27.6720974118263,6.28427308559418,10557.6473673992,9990.49995391443
31.998930911012,3.39639783501625,10493.5092140548,10041.8875524998
30.878332094475603,4.08679174378514,10375.6798640359,10049.8306283653
27.165902648381905,6.9141048720479,10631.8718918413,10042.972879253299
34.8120715611428,5.6234571412205705,10533.6293727439,10002.1512097418
28.397688346393398,6.57185111805797,10447.5914969388,10001.0908603258
23.837514354512106,5.9479470592737185,10498.4370617382,9946.3469780013
36.5236662507057,4.94956564202905,10621.9827335794,10053.5855371691
23.720112515986,4.14320520848036,10442.7942575701,9957.58639412373
37.235872219428394,6.64886595129967,10366.063928008101,9978.4764331989
33.619781175777305,7.00546770349145,10497.3298823275,9962.85100159049
29.4722359120473,5.85646681442857,10461.0089966189,10045.229873500799
22.966913899257804,6.54856928303838,10546.7704309151,10052.6868600845
28.59905843582,6.295910521298653,10594.4058020413,10022.8538004868
28.6383325805515,6.4658234107494295,10605.1745601743,10005.417566862
58.50534992501139,0.562803819328547,8126.07118304819,10957.4484156445
58.965008506216094,0.409906844198704,8089.088534172621,10983.4323869422
58.7257600527629,1.47209585815668,7978.35239608772,10958.7684822604
66.48757259693001,1.07226293042302,7914.723825631659,11021.837231617399
53.058741213232295,-0.9105879628658292,8098.71437849477,10989.412143793
57.98577814530579,3.0326717233657794,7881.34727114812,11024.2856706567
54.055414661541604,1.83463333114982,7860.643360083921,10994.480869513001
59.078492468073996,0.114759525507689,8116.1406845413085,10973.5577863529
58.1578170456365,2.08814807876945,8030.54558435455,11052.1621475369
62.9028321365267,1.09289899289608,8128.11044150963,10991.7512836643
61.7126094631851,-0.0201317220926285,7922.02640568838,10984.0541055277
58.8345851350948,2.52038451433182,8077.725041536609,11011.0866233334
58.53475942682472,1.29938536211848,7950.452526258299,11003.2057500556
58.6983512051031,0.0934844724833965,8126.973276315259,10988.9459646381
54.0094836273417,2.27429879397154,7923.14423750155,10955.6315785423
67.2587007511407,-0.555746917277574,7880.281095588579,11028.3925116956
57.156541327647886,0.907424250692129,7885.39435129613,11012.954992406101
57.798593519330005,-0.278907504677772,7944.20171446167,11030.9007856846
59.5022575283796,2.64142174616456,7969.217305472122,11038.9146468975
55.505672904364786,-0.159907330274582,8122.421329049391,10947.2403919585
56.145060711018715,1.16197495222092,7884.76951314136,10952.145372744599
63.43193496480579,1.67124056234956,8000.0492234621215,11018.812326379099
58.194393864572,1.2159965626895402,8012.3767406214,11033.4417287707
55.773007591329495,-0.496920904666185,8134.808250730859,11046.987000353602
57.0742815862596,1.11735038593411,8011.69301387854,10977.0895703435
59.293333839885904,0.34549489870667505,8092.11079478264,11039.406093731499
58.8413176862895,2.02284317955375,7975.265649911021,10944.1801177375
58.1448874264956,-0.645693252682686,8035.86545431986,10994.539342824399
57.0190703814849,0.429304891228676,7966.084122294559,10958.9675845206
56.264391176067285,-0.9385756121575828,7884.8646621033495,11052.053902793701
55.766459534876006,0.3700775635242461,7958.7369626388,10993.1318013519
61.0696115524694,-0.8864932389557361,7923.884540256108,11026.1278542168
58.1945462185889,0.7802178230881691,7871.341715902091,11020.0822452977
58.90110692892222,1.46958354264498,8135.9886845015,11018.799904636999
55.477295926287795,-0.5142836393415929,8033.29235239886,11000.5048553832
58.0952854781598,0.0540595537424089,7874.873012108729,10999.608349394099
54.2791243985668,0.0188515424728395,8125.064195962621,10948.6136077382
54.11629534974689,-0.4356394818425179,8080.58081053197,10978.4822901003
64.5385546409339,3.00423877850175,7948.528500767421,11005.7023539469
53.491661440730105,2.951010530442,7945.9587189741405,10945.0179803669
55.8056725000218,1.6011632251739498,7984.869733145459,11050.995097477
65.9785734679922,1.33592859774828,8065.38055351004,11009.5021559782
63.3407346441224,1.44520179614425,8111.670659119259,10978.7828840911
52.981921210624286,-0.382980404645204,7875.85486289114,10983.018833115699
59.8984796083346,2.04927208468318,8117.381147053091,11018.3297529593
64.6887671994418,0.649654128849506,8035.871130311859,10969.597317703101
56.56864463269711,2.64932433232665,7985.45793117955,10945.4828779139
61.2214471073821,2.25518907442689,7915.28121365234,10997.084836248301
65.27949981752779,0.589785363525152,8069.87960116938,11035.7164896652
59.6250464553759,-0.9657792638242242,7917.94786555693,10944.1358859017
53.0765794678032,0.7012032945454119,8077.952054552729,11032.3780391477
61.7504738908634,-1.1288116762042,7864.7289773263,10974.449870903001
53.995446256659896,2.10495745152235,8102.36938049085,11044.503927469299
58.629856070466296,1.25959569558501,7953.082789750772,11037.824324801599
55.5196000758558,-0.58739192456007,8034.64191456325,10995.367598284
64.27076162744311,1.90534356832504,8073.520772429179,10959.2900552899
61.3573125801235,0.8284210635721679,7896.59668878652,11048.036834753999
56.7307492185384,2.89905604943633,7970.553605640309,11049.0179341659
59.468672766462,1.73219214200974,8106.15614145063,10979.9766713493
54.7224628142267,0.5204708734154699,8023.70775053278,11011.2912656069
64.19446818895639,-0.12119870901107806,8124.626252679151,11043.9374875501
61.78864448428151,-0.7777884718775749,7960.3689289558715,11043.9111644551
66.80428958982229,-1.05815777689218,7898.498977245759,10961.7276411988
59.7667571905628,0.0295109507441522,8070.20549046807,11008.3826411664
60.5984442155436,0.23831330567598305,7898.56166421436,10982.3857136779
62.1593323706836,2.95808853790164,7919.4127430953085,10945.2414118201
66.0329813546687,0.528740268498659,7944.8781558685,10950.931849319499
57.84819388791921,2.85119638428092,7934.16878289543,11012.7157838531
61.380056914053895,-0.295919187217951,7948.602984594178,10963.4566311687
57.8707448859513,0.594024573117495,8030.00815575942,10958.774826698
63.6596794221178,-0.3381734712421889,8012.30561734177,11043.4332352243
63.2413719591871,1.45302731528878,7919.55527585,11021.401684343798
53.936919577345286,2.71625533789396,7868.046422898771,11043.6931940541
54.412058359943295,0.263593791872263,7940.41463849135,11053.474576163999
64.2589580252394,2.17666830405593,7983.17376961932,10966.6052917689
63.5187477969378,2.9500117206573497,7904.465539027009,10973.1018326804
53.626085560806104,1.21756224438548,8028.48872441798,11048.0096069686
59.1463732643425,2.88198300659657,8038.83113481104,10993.1692243703
57.184463592953996,1.56995431557298,7951.16549154744,11010.4157512896
61.72451551839711,3.04818920448422,7989.549920214341,10989.5722831339
54.8794493092224,-0.40393508777022297,7906.21730785817,11054.536103896799
53.26496906075629,0.537774996310473,8136.960174879059,10991.8148632236
54.5463144946471,0.790475946515798,8089.55876232125,10981.070849508
54.4568377317488,1.79719431817532,8040.00655709766,11037.5863907374
65.3289946346357,1.1276179523766,8126.87752477825,10973.9805520475
57.2202244151384,0.930415253788233,7921.1866807285705,11028.190851539399
63.034890755564,0.4951432837545871,8092.861646935341,11037.285878889299
62.549772489927705,-0.132432736158371,8103.9765889477,10986.6088840961
64.62200992167,1.3368242071569,7991.159677570691,11012.4489701279
58.5811548421159,1.96515795260668,8070.79351939261,10966.880827114
54.7084537060931,0.525888987034559,8064.896512618291,10995.5438626185
61.9024444903806,-1.12366448104382,8128.70038944297,10984.453395348
66.143852734305,0.139244886487722,7946.287038261071,10962.657555699301
65.80659099105739,2.55597838640213,7964.49160713702,10978.4314723797
64.6910815349966,0.591967200636864,7889.79924841784,11004.141867917
61.5184964889661,0.7581642121076579,8131.3467610441085,10945.0580981597
59.96373027566821,0.470144050866365,7894.933554418391,11030.831278085701
62.40318746354429,-0.8072750195860859,8017.473663175479,11035.921478971799
62.3450820240006,-0.701132800728082,8005.74444505386,11054.4062190764
66.9342205851153,0.115159471035004,7958.60543321818,10986.6457656249
53.5269168626517,-0.18424930199980705,7987.177091920749,11052.8099474311
52.7907464498281,1.4918509373068798,8001.606709929179,10999.311998084198
57.0667959569767,2.69177151754498,7936.852080095559,10987.4337765053
59.2826072960347,-0.9021630808711052,8018.65999022499,10961.2268612646
55.5891660956293,-0.7714852902293199,7960.0374952890015,11035.9874422848
62.8001245110482,0.163909759670496,8065.398790091279,11034.150222279099
64.2805017280206,2.52867532074451,7972.2116267588,10978.776968725
63.537743409126996,1.18073076054454,8035.530244437979,11053.7202243358
66.8013112284616,0.953631147295237,7868.45288116485,11008.509819243101
63.7490732381493,1.9130884885788,8051.350484332072,10964.5997691117
66.03798538848761,-0.674894049316645,8112.293570311741,10964.3713427335
54.542747253924595,0.752540275603533,8027.86380927078,10953.3299613819
60.36026429794729,1.48926089450717,8131.22365059331,11032.7557391152
53.96961707424371,1.68269344776869,7935.66868338734,11023.0089425556
60.535651667825896,0.8070065297186371,8114.71357645467,11013.573263321101
63.1163736107945,0.853442500531673,7970.552990417928,10960.9328442402
65.3609477488324,-0.212604180574417,7963.99687837809,11001.356558084499
61.2891584944725,0.97707574993372,7945.45891758054,10990.2732102089
55.6051784444973,-0.859945211857557,7982.787325866519,10994.1164217368
62.2138092746586,0.976074983328581,7935.02796686254,11040.5437629037
63.1993022697791,1.4174867519736298,7861.73617215827,10995.4668730758
65.0705934214965,1.00973120257258,8107.5568868313,11021.4799919762
66.48208349615341,0.30698173314333005,7970.47688505612,10995.110785622099
60.3104738885537,1.5698805426061202,8109.80717765167,11029.1833763681
55.7571060721949,2.03426342487335,8046.2659494765085,11028.859206289098
61.723510619886206,0.340623882263899,8101.23669128865,10985.7557000369
63.9409713093191,0.757484190911055,7991.158945066851,11032.902088243502
65.9689043204114,-0.6210467481613161,7864.6468751598095,11021.8715669848
54.0875537756458,1.05489820450544,7955.64348265529,10993.148132145401
54.4661133630946,3.18947701245546,7929.934095451609,10955.656756594799
57.6175412188098,1.72071996584535,8035.407584989441,11029.7791561559
64.4951990954205,0.44882557019591296,8121.210449235509,11006.940677672601
61.82361417546871,1.67323680400848,8133.072449322791,11040.5249836333
63.8525918160379,1.67306840896606,7878.3855054713795,10944.1227631569
65.5517628325149,1.12873170658946,8130.62750708312,10995.4612589777
60.56746585246179,-0.5332907029986379,8088.1311666593,11014.2775397301
66.3925510454923,2.54941162019968,8068.316322602329,11035.034860245902
52.8502796684206,-1.20018283888698,8099.17770802975,11038.432106021799
60.8553191426024,1.74467833921313,8033.61758735962,10944.3302530944
65.930228953883,0.19270361170172687,8091.252275193109,10945.574142023901
55.4829259126633,-0.631903704553842,8072.36167553812,11027.3483277708
58.1200844861195,0.8323522710800171,7965.92848772183,11033.8257892653
55.7514286154509,1.27323180228472,8009.62970659137,10983.598307848
61.8546454024315,1.5905231128633002,8072.314365804201,10952.2828304917
64.73283696331079,-1.23763277292252,8002.131927041341,10964.9794318452
62.7401742630824,0.71076899766922,8092.01277623884,10969.8137579821
54.857940669357795,0.7977483102679251,8082.77548908256,11053.1594190374
64.5805399630591,2.70070282697678,8127.057818640021,11010.3171694949
56.5628012042493,0.7706133830547329,8019.674011264,11052.677769683301
59.2691222603619,0.692390172481537,8072.33981705271,10982.458816360699
58.1270870078728,48.8135927411914,963.981614354998,1064.7016575001198
65.1233463439345,48.679681802243,1039.07588598318,1120.48573568463
56.90772726442661,50.398488750606795,1025.2789621613902,1062.23909946904
67.2192131134868,50.4380492720008,859.664425598457,1070.09197003022
57.4808774282411,51.939420689493396,842.895650938153,1057.90089421347
56.1274011237547,51.2790788151324,798.579111443833,1105.35189376026
65.03674628265199,49.816993624121,814.105748794973,1155.5109541826
61.249694329276714,48.5758082695305,883.189871013165,1123.50179345533
54.3028493585065,48.7246547774971,850.1269588805742,1075.64670763537
61.6755887490138,51.891641309261296,805.571897402406,1123.20882540569
55.9403364737704,51.5947496280074,814.084760369733,1105.6824649944901
56.272758968398,48.850295832157094,809.850529534742,1076.1790664382304
60.6561530098692,51.7901714749634,913.782233912498,1055.21470643952
60.195300184302,48.588585460335,1038.1100258976198,1089.33076186106
62.3224822911248,50.576606058478404,953.725512614474,1149.53380803391
66.6505026986822,49.588940722197286,884.3034818023441,1093.3027195297198
55.4383084242046,48.3430930894613,768.653099508956,1071.54526597634
54.46641126398,51.4326343333721,898.437953768298,1125.36324929819
58.00936465028671,48.44638199806211,789.510078513995,1135.7084521502302
66.6410345925018,49.3064777339995,816.105233523995,1083.98638754338
55.7967696549743,47.9548493382335,986.677559614182,1051.16057834774
55.9037590751424,51.132398147583,894.31979643181,1118.06430042908
57.416044302173006,49.5710694082081,869.7690502926711,1065.39828958362
56.503236916176995,50.2812538087368,764.2825503367931,1051.64854509756
53.1418106696755,49.2791186434031,857.8066556528212,1134.18339416757
52.777343184687204,51.1833041639626,921.881974302232,1112.28275405616
63.778220502026386,48.666674541085996,856.930177593604,1101.2870981544302
53.53869875859471,49.3366430230439,798.309741830453,1137.88156253099
66.35999806828801,51.8795639874041,959.44440074265,1060.39797333255
54.6908156420291,48.27164237514141,870.0662434473628,1082.91929544136
55.3872361046821,51.983051180541494,911.351285651326,1050.57490239292
55.887678214088105,47.9018198357522,949.8236136045308,1067.53936409578
57.6286356368288,52.1305343405902,845.918746078387,1046.81794854999
52.7535414917767,51.6146402169764,812.97568528913,1063.70067654178
62.346946436874596,51.3085720176995,815.891705658287,1149.46709589288
54.98679220616821,51.2796065986156,1002.9975091759101,1147.41820530593
61.283210962079494,50.7478302043676,860.322227012366,1062.72779627144
60.4196138252318,50.46127282485371,813.332564793527,1075.2793446295
56.336562367491396,48.2326919540763,879.3976033013312,1047.5972317867
57.120367750898,51.3061993154883,788.644830919802,1056.4275793991999
52.976283410266,51.7948384834826,760.115629471838,1107.52515411004
55.24257700297979,49.777175200879604,865.930511886254,1086.61655880138
56.4175877877697,49.4071668167412,910.352775100619,1048.4579378441001
54.298511184491204,51.278069698661604,923.676370214671,1122.67368462682
58.7817648598552,49.6263183028996,905.0545979011804,1047.81869390234
66.0717089680955,52.1412337625027,815.853165695444,1106.57222511619
55.9094207954407,51.0426574639976,1018.57897831127,1103.7512057088302
65.9283459162712,50.5419423770905,764.619255866855,1115.1270866692098
63.3775854948536,49.2828090712428,921.846898933873,1061.57696088403
64.27252071257679,49.46505585029721,931.3196230959152,1079.34723552689
